21.05.2015 17:43:52;http://localhost:53780/
21.05.2015 17:43:54;http://localhost:53780/Home/Table/Products
21.05.2015 17:43:54;http://localhost:53780/Home/Table/Products
21.05.2015 17:43:55;http://localhost:53780/Home/Table/Tools
21.05.2015 17:43:55;http://localhost:53780/Home/Table/Tools
21.05.2015 17:57:40;http://localhost:53780/
21.05.2015 17:57:41;http://localhost:53780/
22.05.2015 10:44:33;http://localhost:53780/
22.05.2015 10:44:35;http://localhost:53780/
22.05.2015 11:09:47;http://localhost:53780/
22.05.2015 11:09:48;http://localhost:53780/
22.05.2015 11:12:00;http://localhost:53780/
22.05.2015 11:12:02;http://localhost:53780/
22.05.2015 11:12:40;http://localhost:53780/
22.05.2015 11:12:41;http://localhost:53780/
22.05.2015 11:13:29;http://localhost:53780/
22.05.2015 11:13:29;http://localhost:53780/
22.05.2015 11:16:28;http://localhost:53780/
22.05.2015 11:16:30;http://localhost:53780/
23.05.2015 0:10:31;http://localhost:53780/
23.05.2015 0:10:36;http://localhost:53780/
23.05.2015 0:10:49;http://localhost:53780/Home/Table/Products
23.05.2015 0:10:49;http://localhost:53780/Home/Table/Products
23.05.2015 0:10:50;http://localhost:53780/Home/Table/Tools
23.05.2015 0:10:50;http://localhost:53780/Home/Table/Tools
23.05.2015 0:16:32;http://localhost:53780/
23.05.2015 0:16:35;http://localhost:53780/
